{
    "0.00": {
        "avgGems": 50,
        "avgPacks": 1
    },
    "0.01": {
        "avgGems": 51.5886,
        "avgPacks": 1.0006072
    },
    "0.02": {
        "avgGems": 53.35409,
        "avgPacks": 1.0023506
    },
    "0.03": {
        "avgGems": 55.345375,
        "avgPacks": 1.0051687
    },
    "0.04": {
        "avgGems": 57.59929,
        "avgPacks": 1.0091335
    },
    "0.05": {
        "avgGems": 60.132365,
        "avgPacks": 1.0141265
    },
    "0.06": {
        "avgGems": 62.996,
        "avgPacks": 1.0201142
    },
    "0.07": {
        "avgGems": 66.246665,
        "avgPacks": 1.0271345
    },
    "0.08": {
        "avgGems": 69.85569,
        "avgPacks": 1.0350314
    },
    "0.09": {
        "avgGems": 73.903855,
        "avgPacks": 1.0439359
    },
    "0.10": {
        "avgGems": 78.342525,
        "avgPacks": 1.0537509
    },
    "0.11": {
        "avgGems": 83.284345,
        "avgPacks": 1.0645344
    },
    "0.12": {
        "avgGems": 88.752375,
        "avgPacks": 1.0762925
    },
    "0.13": {
        "avgGems": 94.77209,
        "avgPacks": 1.0888803
    },
    "0.14": {
        "avgGems": 101.30893,
        "avgPacks": 1.1024666
    },
    "0.15": {
        "avgGems": 108.32585,
        "avgPacks": 1.1168469
    },
    "0.16": {
        "avgGems": 116.115715,
        "avgPacks": 1.1324666
    },
    "0.17": {
        "avgGems": 124.279995,
        "avgPacks": 1.1487854
    },
    "0.18": {
        "avgGems": 133.191385,
        "avgPacks": 1.1661601
    },
    "0.19": {
        "avgGems": 142.86525,
        "avgPacks": 1.184516
    },
    "0.20": {
        "avgGems": 153.108475,
        "avgPacks": 1.2041167
    },
    "0.21": {
        "avgGems": 164.033905,
        "avgPacks": 1.224477
    },
    "0.22": {
        "avgGems": 175.42829,
        "avgPacks": 1.2456598
    },
    "0.23": {
        "avgGems": 187.924385,
        "avgPacks": 1.2686796
    },
    "0.24": {
        "avgGems": 200.96046,
        "avgPacks": 1.2924484
    },
    "0.25": {
        "avgGems": 214.81841,
        "avgPacks": 1.3179185
    },
    "0.26": {
        "avgGems": 229.292665,
        "avgPacks": 1.3439746
    },
    "0.27": {
        "avgGems": 244.736665,
        "avgPacks": 1.371824
    },
    "0.28": {
        "avgGems": 260.66555,
        "avgPacks": 1.4005221
    },
    "0.29": {
        "avgGems": 277.670545,
        "avgPacks": 1.4310908
    },
    "0.30": {
        "avgGems": 295.501835,
        "avgPacks": 1.4635504
    },
    "0.31": {
        "avgGems": 313.73984,
        "avgPacks": 1.4965001
    },
    "0.32": {
        "avgGems": 333.027735,
        "avgPacks": 1.5314602
    },
    "0.33": {
        "avgGems": 353.34426,
        "avgPacks": 1.5685568
    },
    "0.34": {
        "avgGems": 374.3478,
        "avgPacks": 1.6070244
    },
    "0.35": {
        "avgGems": 395.863635,
        "avgPacks": 1.6467471
    },
    "0.36": {
        "avgGems": 418.409995,
        "avgPacks": 1.6884391
    },
    "0.37": {
        "avgGems": 441.93214,
        "avgPacks": 1.7323961
    },
    "0.38": {
        "avgGems": 465.903215,
        "avgPacks": 1.7776886
    },
    "0.39": {
        "avgGems": 491.12263,
        "avgPacks": 1.8257711
    },
    "0.40": {
        "avgGems": 516.87072,
        "avgPacks": 1.8750393
    },
    "0.41": {
        "avgGems": 543.592005,
        "avgPacks": 1.9268303
    },
    "0.42": {
        "avgGems": 571.34107,
        "avgPacks": 1.9815036
    },
    "0.43": {
        "avgGems": 599.429965,
        "avgPacks": 2.0368728
    },
    "0.44": {
        "avgGems": 628.852475,
        "avgPacks": 2.0957315
    },
    "0.45": {
        "avgGems": 658.486685,
        "avgPacks": 2.1553605
    },
    "0.46": {
        "avgGems": 689.32945,
        "avgPacks": 2.218595
    },
    "0.47": {
        "avgGems": 720.86868,
        "avgPacks": 2.2835866
    },
    "0.48": {
        "avgGems": 753.20158,
        "avgPacks": 2.3511821
    },
    "0.49": {
        "avgGems": 785.94913,
        "avgPacks": 2.4203257
    },
    "0.50": {
        "avgGems": 819.245525,
        "avgPacks": 2.4918356
    },
    "0.51": {
        "avgGems": 854.12222,
        "avgPacks": 2.5669538
    },
    "0.52": {
        "avgGems": 888.85623,
        "avgPacks": 2.6426829
    },
    "0.53": {
        "avgGems": 924.975115,
        "avgPacks": 2.7227322
    },
    "0.54": {
        "avgGems": 960.639335,
        "avgPacks": 2.8022314
    },
    "0.55": {
        "avgGems": 997.21105,
        "avgPacks": 2.8850651
    },
    "0.56": {
        "avgGems": 1035.087495,
        "avgPacks": 2.9712167
    },
    "0.57": {
        "avgGems": 1073.399215,
        "avgPacks": 3.0593701
    },
    "0.58": {
        "avgGems": 1111.326215,
        "avgPacks": 3.1477734
    },
    "0.59": {
        "avgGems": 1150.1289,
        "avgPacks": 3.2390211
    },
    "0.60": {
        "avgGems": 1189.220075,
        "avgPacks": 3.3317447
    },
    "0.61": {
        "avgGems": 1228.645265,
        "avgPacks": 3.4262448
    },
    "0.62": {
        "avgGems": 1268.41003,
        "avgPacks": 3.5226189
    },
    "0.63": {
        "avgGems": 1308.246585,
        "avgPacks": 3.6195772
    },
    "0.64": {
        "avgGems": 1348.476145,
        "avgPacks": 3.7191197
    },
    "0.65": {
        "avgGems": 1388.12446,
        "avgPacks": 3.8176182
    },
    "0.66": {
        "avgGems": 1428.094585,
        "avgPacks": 3.9178512
    },
    "0.67": {
        "avgGems": 1468.395535,
        "avgPacks": 4.0199269
    },
    "0.68": {
        "avgGems": 1508.08626,
        "avgPacks": 4.1206278
    },
    "0.69": {
        "avgGems": 1547.284075,
        "avgPacks": 4.2212379
    },
    "0.70": {
        "avgGems": 1586.119645,
        "avgPacks": 4.3214586
    },
    "0.71": {
        "avgGems": 1624.8314,
        "avgPacks": 4.4222224
    },
    "0.72": {
        "avgGems": 1662.91631,
        "avgPacks": 4.521896
    },
    "0.73": {
        "avgGems": 1700.35783,
        "avgPacks": 4.6208952
    },
    "0.74": {
        "avgGems": 1737.289935,
        "avgPacks": 4.7187731
    },
    "0.75": {
        "avgGems": 1773.40493,
        "avgPacks": 4.815421
    },
    "0.76": {
        "avgGems": 1808.27698,
        "avgPacks": 4.9091937
    },
    "0.77": {
        "avgGems": 1842.81058,
        "avgPacks": 5.0021348
    },
    "0.78": {
        "avgGems": 1875.51065,
        "avgPacks": 5.0913172
    },
    "0.79": {
        "avgGems": 1906.958965,
        "avgPacks": 5.1769668
    },
    "0.80": {
        "avgGems": 1937.57845,
        "avgPacks": 5.2611191
    },
    "0.81": {
        "avgGems": 1966.36563,
        "avgPacks": 5.3405093
    },
    "0.82": {
        "avgGems": 1994.24418,
        "avgPacks": 5.4176849
    },
    "0.83": {
        "avgGems": 2020.07585,
        "avgPacks": 5.4893135
    },
    "0.84": {
        "avgGems": 2044.403,
        "avgPacks": 5.5575119
    },
    "0.85": {
        "avgGems": 2067.01893,
        "avgPacks": 5.6208094
    },
    "0.86": {
        "avgGems": 2087.8953,
        "avgPacks": 5.6796382
    },
    "0.87": {
        "avgGems": 2106.89402,
        "avgPacks": 5.7333142
    },
    "0.88": {
        "avgGems": 2123.989165,
        "avgPacks": 5.7818326
    },
    "0.89": {
        "avgGems": 2139.323475,
        "avgPacks": 5.8255462
    },
    "0.90": {
        "avgGems": 2152.767105,
        "avgPacks": 5.8638988
    },
    "0.91": {
        "avgGems": 2164.23021,
        "avgPacks": 5.8967251
    },
    "0.92": {
        "avgGems": 2173.993235,
        "avgPacks": 5.9248113
    },
    "0.93": {
        "avgGems": 2181.91942,
        "avgPacks": 5.9476164
    },
    "0.94": {
        "avgGems": 2188.155335,
        "avgPacks": 5.9656407
    },
    "0.95": {
        "avgGems": 2192.888525,
        "avgPacks": 5.9793606
    },
    "0.96": {
        "avgGems": 2196.20569,
        "avgPacks": 5.9889598
    },
    "0.97": {
        "avgGems": 2198.36431,
        "avgPacks": 5.9952139
    },