{
    "0.00": {
        "avgGems": 50,
        "avgPacks": 1.1999125
    },
    "0.01": {
        "avgGems": 51.547975,
        "avgPacks": 1.2006613
    },
    "0.02": {
        "avgGems": 53.18202,
        "avgPacks": 1.2013733
    },
    "0.03": {
        "avgGems": 54.9105,
        "avgPacks": 1.2018675
    },
    "0.04": {
        "avgGems": 56.745445,
        "avgPacks": 1.2024848
    },
    "0.05": {
        "avgGems": 58.66325,
        "avgPacks": 1.2032179
    },
    "0.06": {
        "avgGems": 60.69262,
        "avgPacks": 1.2038348
    },
    "0.07": {
        "avgGems": 62.81386,
        "avgPacks": 1.2047092
    },
    "0.08": {
        "avgGems": 65.05574,
        "avgPacks": 1.2052862
    },
    "0.09": {
        "avgGems": 67.415045,
        "avgPacks": 1.205949
    },
    "0.10": {
        "avgGems": 69.861865,
        "avgPacks": 1.206846
    },
    "0.11": {
        "avgGems": 72.4425,
        "avgPacks": 1.2075112
    },
    "0.12": {
        "avgGems": 75.18993,
        "avgPacks": 1.2082139
    },
    "0.13": {
        "avgGems": 78.000105,
        "avgPacks": 1.2092189
    },
    "0.14": {
        "avgGems": 80.9862,
        "avgPacks": 1.2101278
    },
    "0.15": {
        "avgGems": 84.08499,
        "avgPacks": 1.2105643
    },
    "0.16": {
        "avgGems": 87.33042,
        "avgPacks": 1.2115098
    },
    "0.17": {
        "avgGems": 90.772025,
        "avgPacks": 1.2128309
    },
    "0.18": {
        "avgGems": 94.35247,
        "avgPacks": 1.2135287
    },
    "0.19": {
        "avgGems": 98.07592,
        "avgPacks": 1.2145399
    },
    "0.20": {
        "avgGems": 102.02887,
        "avgPacks": 1.215622
    },
    "0.21": {
        "avgGems": 106.11657,
        "avgPacks": 1.2169262
    },
    "0.22": {
        "avgGems": 110.47351,
        "avgPacks": 1.2178571
    },
    "0.23": {
        "avgGems": 114.911475,
        "avgPacks": 1.2192642
    },
    "0.24": {
        "avgGems": 119.66418,
        "avgPacks": 1.2205859
    },
    "0.25": {
        "avgGems": 124.620935,
        "avgPacks": 1.2218811
    },
    "0.26": {
        "avgGems": 129.810115,
        "avgPacks": 1.2236807
    },
    "0.27": {
        "avgGems": 135.198235,
        "avgPacks": 1.2253534
    },
    "0.28": {
        "avgGems": 140.894145,
        "avgPacks": 1.2268739
    },
    "0.29": {
        "avgGems": 146.835925,
        "avgPacks": 1.2287825
    },
    "0.30": {
        "avgGems": 152.971685,
        "avgPacks": 1.2306187
    },
    "0.31": {
        "avgGems": 159.47139,
        "avgPacks": 1.2328757
    },
    "0.32": {
        "avgGems": 166.282565,
        "avgPacks": 1.2350766
    },
    "0.33": {
        "avgGems": 173.38361,
        "avgPacks": 1.237961
    },
    "0.34": {
        "avgGems": 180.723505,
        "avgPacks": 1.2404359
    },
    "0.35": {
        "avgGems": 188.4463,
        "avgPacks": 1.2435058
    },
    "0.36": {
        "avgGems": 196.529295,
        "avgPacks": 1.246291
    },
    "0.37": {
        "avgGems": 204.686505,
        "avgPacks": 1.2500192
    },
    "0.38": {
        "avgGems": 213.50694,
        "avgPacks": 1.253888
    },
    "0.39": {
        "avgGems": 222.592325,
        "avgPacks": 1.2577693
    },
    "0.40": {
        "avgGems": 232.02266,
        "avgPacks": 1.2619441
    },
    "0.41": {
        "avgGems": 241.712325,
        "avgPacks": 1.2666852
    },
    "0.42": {
        "avgGems": 251.871175,
        "avgPacks": 1.2717981
    },
    "0.43": {
        "avgGems": 262.6196,
        "avgPacks": 1.2769229
    },
    "0.44": {
        "avgGems": 273.60296,
        "avgPacks": 1.2830909
    },
    "0.45": {
        "avgGems": 284.9046,
        "avgPacks": 1.2893905
    },
    "0.46": {
        "avgGems": 296.65354,
        "avgPacks": 1.2959918
    },
    "0.47": {
        "avgGems": 308.647595,
        "avgPacks": 1.3028916
    },
    "0.48": {
        "avgGems": 321.160655,
        "avgPacks": 1.3104854
    },
    "0.49": {
        "avgGems": 334.000475,
        "avgPacks": 1.3188244
    },
    "0.50": {
        "avgGems": 347.24912,
        "avgPacks": 1.3274814
    },
    "0.51": {
        "avgGems": 360.94748,
        "avgPacks": 1.3366348
    },
    "0.52": {
        "avgGems": 374.92838,
        "avgPacks": 1.3464617
    },
    "0.53": {
        "avgGems": 389.10139,
        "avgPacks": 1.356835
    },
    "0.54": {
        "avgGems": 404.05303,
        "avgPacks": 1.3678664
    },
    "0.55": {
        "avgGems": 419.072105,
        "avgPacks": 1.3794189
    },
    "0.56": {
        "avgGems": 434.380885,
        "avgPacks": 1.391705
    },
    "0.57": {
        "avgGems": 450.33253,
        "avgPacks": 1.4042437
    },
    "0.58": {
        "avgGems": 466.29069,
        "avgPacks": 1.4178357
    },
    "0.59": {
        "avgGems": 482.412835,
        "avgPacks": 1.431794
    },
    "0.60": {
        "avgGems": 499.080315,
        "avgPacks": 1.4464436
    },
    "0.61": {
        "avgGems": 515.857075,
        "avgPacks": 1.4614572
    },
    "0.62": {
        "avgGems": 532.78844,
        "avgPacks": 1.4777699
    },
    "0.63": {
        "avgGems": 549.80077,
        "avgPacks": 1.4936304
    },
    "0.64": {
        "avgGems": 567.328795,
        "avgPacks": 1.5109415
    },
    "0.65": {
        "avgGems": 584.40742,
        "avgPacks": 1.5280086
    },
    "0.66": {
        "avgGems": 602.002405,
        "avgPacks": 1.5462025
    },
    "0.67": {
        "avgGems": 619.361075,
        "avgPacks": 1.5641264
    },
    "0.68": {
        "avgGems": 636.99938,
        "avgPacks": 1.5834643
    },
    "0.69": {
        "avgGems": 654.09792,
        "avgPacks": 1.602229
    },
    "0.70": {
        "avgGems": 671.7947,
        "avgPacks": 1.6218708
    },
    "0.71": {
        "avgGems": 688.722555,
        "avgPacks": 1.6417646
    },
    "0.72": {
        "avgGems": 705.939165,
        "avgPacks": 1.661753
    },
    "0.73": {
        "avgGems": 722.836735,
        "avgPacks": 1.6820964
    },
    "0.74": {
        "avgGems": 739.2264,
        "avgPacks": 1.7020114
    },
    "0.75": {
        "avgGems": 755.599285,
        "avgPacks": 1.7221005
    },
    "0.76": {
        "avgGems": 771.371725,
        "avgPacks": 1.7422855
    },
    "0.77": {
        "avgGems": 786.600635,
        "avgPacks": 1.7617865
    },
    "0.78": {
        "avgGems": 801.673925,
        "avgPacks": 1.7814598
    },
    "0.79": {
        "avgGems": 816.11145,
        "avgPacks": 1.8008742
    },
    "0.80": {
        "avgGems": 829.8411,
        "avgPacks": 1.8195042
    },
    "0.81": {
        "avgGems": 843.074795,
        "avgPacks": 1.8379147
    },
    "0.82": {
        "avgGems": 855.69261,
        "avgPacks": 1.8555119
    },
    "0.83": {
        "avgGems": 867.569355,
        "avgPacks": 1.872514
    },
    "0.84": {
        "avgGems": 878.68165,
        "avgPacks": 1.8886333
    },
    "0.85": {
        "avgGems": 889.073935,
        "avgPacks": 1.9039532
    },
    "0.86": {
        "avgGems": 898.579165,
        "avgPacks": 1.9181035
    },
    "0.87": {
        "avgGems": 907.24594,
        "avgPacks": 1.9312754
    },
    "0.88": {
        "avgGems": 915.05413,
        "avgPacks": 1.943235
    },
    "0.89": {
        "avgGems": 922.105615,
        "avgPacks": 1.9543512
    },
    "0.90": {
        "avgGems": 928.29401,
        "avgPacks": 1.964165
    },
    "0.91": {
        "avgGems": 933.539285,
        "avgPacks": 1.9725212
    },
    "0.92": {
        "avgGems": 938.010335,
        "avgPacks": 1.9798187
    },
    "0.93": {
        "avgGems": 941.731825,
        "avgPacks": 1.9859401
    },
    "0.94": {
        "avgGems": 944.54304,
        "avgPacks": 1.9906214
    },
    "0.95": {
        "avgGems": 946.7425,
        "avgPacks": 1.9943818
    },
    "0.96": {
        "avgGems": 948.297275,
        "avgPacks": 1.9970143
    },
    "0.97": {
        "avgGems": 949.23638,
        "avgPacks": 1.9986589
    },
    "0.98": {
        "avgGems": 949.76673,