{
    "0.00": {
        "avgGems": 0,
        "avgPacks": 1
    },
    "0.01": {
        "avgGems": 0.3052,
        "avgPacks": 1.0009088
    },
    "0.02": {
        "avgGems": 1.1871,
        "avgPacks": 1.0035329
    },
    "0.03": {
        "avgGems": 2.7034,
        "avgPacks": 1.0079994
    },
    "0.04": {
        "avgGems": 4.8115,
        "avgPacks": 1.0141705
    },
    "0.05": {
        "avgGems": 7.4617,
        "avgPacks": 1.0218799
    },
    "0.06": {
        "avgGems": 10.7882,
        "avgPacks": 1.0314878
    },
    "0.07": {
        "avgGems": 14.7382,
        "avgPacks": 1.0427962
    },
    "0.08": {
        "avgGems": 19.1743,
        "avgPacks": 1.0554605
    },
    "0.09": {
        "avgGems": 24.3415,
        "avgPacks": 1.0700769
    },
    "0.10": {
        "avgGems": 30.0064,
        "avgPacks": 1.0860276
    },
    "0.11": {
        "avgGems": 36.1168,
        "avgPacks": 1.1030848
    },
    "0.12": {
        "avgGems": 43.0734,
        "avgPacks": 1.1223154
    },
    "0.13": {
        "avgGems": 50.7609,
        "avgPacks": 1.1434715
    },
    "0.14": {
        "avgGems": 58.84,
        "avgPacks": 1.1654952
    },
    "0.15": {
        "avgGems": 67.4901,
        "avgPacks": 1.1890859
    },
    "0.16": {
        "avgGems": 76.811,
        "avgPacks": 1.2140174
    },
    "0.17": {
        "avgGems": 86.7032,
        "avgPacks": 1.2405556
    },
    "0.18": {
        "avgGems": 97.2667,
        "avgPacks": 1.2685273
    },
    "0.19": {
        "avgGems": 108.3615,
        "avgPacks": 1.2976009
    },
    "0.20": {
        "avgGems": 119.8535,
        "avgPacks": 1.3275945
    },
    "0.21": {
        "avgGems": 132.1672,
        "avgPacks": 1.3596016
    },
    "0.22": {
        "avgGems": 145.2585,
        "avgPacks": 1.3932699
    },
    "0.23": {
        "avgGems": 158.7381,
        "avgPacks": 1.4275731
    },
    "0.24": {
        "avgGems": 172.9135,
        "avgPacks": 1.4632713
    },
    "0.25": {
        "avgGems": 187.639,
        "avgPacks": 1.5005206
    },
    "0.26": {
        "avgGems": 202.9647,
        "avgPacks": 1.5386013
    },
    "0.27": {
        "avgGems": 218.398,
        "avgPacks": 1.57669
    },
    "0.28": {
        "avgGems": 235.2693,
        "avgPacks": 1.6178203
    },
    "0.29": {
        "avgGems": 252.1816,
        "avgPacks": 1.6592736
    },
    "0.30": {
        "avgGems": 269.5703,
        "avgPacks": 1.7009945
    },
    "0.31": {
        "avgGems": 288.147,
        "avgPacks": 1.7453674
    },
    "0.32": {
        "avgGems": 307.1437,
        "avgPacks": 1.7904435
    },
    "0.33": {
        "avgGems": 326.4551,
        "avgPacks": 1.8356917
    },
    "0.34": {
        "avgGems": 346.875,
        "avgPacks": 1.8831554
    },
    "0.35": {
        "avgGems": 367.3657,
        "avgPacks": 1.9306999
    },
    "0.36": {
        "avgGems": 388.9186,
        "avgPacks": 1.9800662
    },
    "0.37": {
        "avgGems": 411.0544,
        "avgPacks": 2.0302004
    },
    "0.38": {
        "avgGems": 433.0966,
        "avgPacks": 2.079689
    },
    "0.39": {
        "avgGems": 456.5158,
        "avgPacks": 2.1318422
    },
    "0.40": {
        "avgGems": 479.8431,
        "avgPacks": 2.1840905
    },
    "0.41": {
        "avgGems": 504.1397,
        "avgPacks": 2.2370967
    },
    "0.42": {
        "avgGems": 528.8929,
        "avgPacks": 2.2904931
    },
    "0.43": {
        "avgGems": 554.9527,
        "avgPacks": 2.3465361
    },
    "0.44": {
        "avgGems": 580.723,
        "avgPacks": 2.401437
    },
    "0.45": {
        "avgGems": 607.0568,
        "avgPacks": 2.457246
    },
    "0.46": {
        "avgGems": 634.6018,
        "avgPacks": 2.5144514
    },
    "0.47": {
        "avgGems": 663.2231,
        "avgPacks": 2.5736665
    },
    "0.48": {
        "avgGems": 691.021,
        "avgPacks": 2.6307982
    },
    "0.49": {
        "avgGems": 720.2693,
        "avgPacks": 2.6904107
    },
    "0.50": {
        "avgGems": 749.6103,
        "avgPacks": 2.7492969
    },
    "0.51": {
        "avgGems": 780.1814,
        "avgPacks": 2.8100222
    },
    "0.52": {
        "avgGems": 811.2939,
        "avgPacks": 2.8713217
    },
    "0.53": {
        "avgGems": 843.1269,
        "avgPacks": 2.9338047
    },
    "0.54": {
        "avgGems": 874.2877,
        "avgPacks": 2.9938591
    },
    "0.55": {
        "avgGems": 907.9525,
        "avgPacks": 3.0580779
    },
    "0.56": {
        "avgGems": 941.1516,
        "avgPacks": 3.120262
    },
    "0.57": {
        "avgGems": 974.1562,
        "avgPacks": 3.1825426
    },
    "0.58": {
        "avgGems": 1008.8828,
        "avgPacks": 3.2467512
    },
    "0.59": {
        "avgGems": 1044.025,
        "avgPacks": 3.3109306
    },
    "0.60": {
        "avgGems": 1079.8321,
        "avgPacks": 3.3759999
    },
    "0.61": {
        "avgGems": 1115.5893,
        "avgPacks": 3.4396155
    },
    "0.62": {
        "avgGems": 1153.0525,
        "avgPacks": 3.5060975
    },
    "0.63": {
        "avgGems": 1191.206,
        "avgPacks": 3.5726304
    },
    "0.64": {
        "avgGems": 1228.261,
        "avgPacks": 3.637171
    },
    "0.65": {
        "avgGems": 1267.1203,
        "avgPacks": 3.7032621
    },
    "0.66": {
        "avgGems": 1306.4893,
        "avgPacks": 3.7700487
    },
    "0.67": {
        "avgGems": 1346.713,
        "avgPacks": 3.8374186
    },
    "0.68": {
        "avgGems": 1387.3722,
        "avgPacks": 3.9044562
    },
    "0.69": {
        "avgGems": 1428.0443,
        "avgPacks": 3.9704945
    },
    "0.70": {
        "avgGems": 1469.669,
        "avgPacks": 4.0373518
    },
    "0.71": {
        "avgGems": 1511.8226,
        "avgPacks": 4.104585
    },
    "0.72": {
        "avgGems": 1555.8447,
        "avgPacks": 4.1734197
    },
    "0.73": {
        "avgGems": 1598.6914,
        "avgPacks": 4.2398482
    },
    "0.74": {
        "avgGems": 1642.8625,
        "avgPacks": 4.3073639
    },
    "0.75": {
        "avgGems": 1687.8985,
        "avgPacks": 4.3755131
    },
    "0.76": {
        "avgGems": 1732.9107,
        "avgPacks": 4.4422641
    },
    "0.77": {
        "avgGems": 1778.1522,
        "avgPacks": 4.5090026
    },
    "0.78": {
        "avgGems": 1825.1057,
        "avgPacks": 4.5773171
    },
    "0.79": {
        "avgGems": 1872.3836,
        "avgPacks": 4.6451096
    },
    "0.80": {
        "avgGems": 1920.3963,
        "avgPacks": 4.7125481
    },
    "0.81": {
        "avgGems": 1968.8201,
        "avgPacks": 4.7802335
    },
    "0.82": {
        "avgGems": 2016.885,
        "avgPacks": 4.845873
    },
    "0.83": {
        "avgGems": 2066.6843,
        "avgPacks": 4.9130861
    },
    "0.84": {
        "avgGems": 2116.9678,
        "avgPacks": 4.979829
    },
    "0.85": {
        "avgGems": 2166.7782,
        "avgPacks": 5.0451598
    },
    "0.86": {
        "avgGems": 2218.9495,
        "avgPacks": 5.1123197
    },
    "0.87": {
        "avgGems": 2271.0202,
        "avgPacks": 5.1784634
    },
    "0.88": {
        "avgGems": 2323.0916,
        "avgPacks": 5.243588
    },
    "0.89": {
        "avgGems": 2376.3097,
        "avgPacks": 5.3091031
    },
    "0.90": {
        "avgGems": 2430.1811,
        "avgPacks": 5.3742549
    },
    "0.91": {
        "avgGems": 2484.4575,
        "avgPacks": 5.4388329
    },
    "0.92": {
        "avgGems": 2539.0377,
        "avgPacks": 5.5026539
    },
    "0.93": {
        "avgGems": 2595.0815,
        "avgPacks": 5.5670777
    },
    "0.94": {
        "avgGems": 2650.9311,
        "avgPacks": 5.6302161
    },
    "0.95": {
        "avgGems": 2707.5221,
        "avgPacks": 5.6929579
    },
    "0.96": {
        "avgGems": 2765.0653,
        "avgPacks": 5.7558015
    },
    "0.97": {
        "avgGems": 2822.6562,
        "avgPacks": 5.8174006
    },
    "0.98": {
        "avgGems": 2880.9389,
        "avgPacks": 5.8785831
    },
    "0.99": {
        "avgGems": 2940.3168,
        "avgPacks": 5.939724
    },